<?xml version="1.0" encoding="UTF-8"?>
<assertions>
	<assertion>
		<user>clu3</user>
		<predict>Can't connect to apps-swe432.vse.gmu.edu tonight</predict>
		<argument>I dunno why!</argument>
		<convinced>0</convinced>
		<unsure>0</unsure>
		<disagree>0</disagree>
	</assertion>
	<assertion>
		<user>admin</user>
		<predict>Testing with Firefox</predict>
		<argument>Works well :)</argument>
		<convinced>0</convinced>
		<unsure>0</unsure>
		<disagree>0</disagree>
	</assertion>
	<assertion>
		<user>jhowdes1</user>
		<predict>test5</predict>
		<argument>test5</argument>
		<convinced>0</convinced>
		<unsure>0</unsure>
		<disagree>0</disagree>
	</assertion>
	<assertion>
		<user>clu3</user>
		<predict>Hey!</predict>
		<argument>Goodnite!</argument>
		<convinced>1</convinced>
		<unsure>0</unsure>
		<disagree>0</disagree>
	</assertion>
	<assertion>
		<user>jhowdes2</user>
		<predict>test2</predict>
		<argument>test2</argument>
		<convinced>3</convinced>
		<unsure>0</unsure>
		<disagree>0</disagree>
	</assertion>
</assertions>
