<?xml version="1.0" encoding="UTF-8" standalone="no"?><assertions>
	<assertionlist>
		<node>
			<id>0</id>
			<assertion>This is a test</assertion>
			<defense>Just checking</defense>
			<username>Bob</username>
			<convinced>3</convinced>
			<unsure>1</unsure>
			<disagree>2</disagree>
		</node>
		
		
	
	<node><id>4</id><assertion>This is a test</assertion><defense>Just checking</defense><username>Maria</username><convinced>2</convinced><unsure>0</unsure><disagree>0</disagree></node>
	<node><id>5</id><assertion>Test again</assertion><defense>Testing again...</defense><username>Maria</username><convinced>2</convinced><unsure>0</unsure><disagree>0</disagree></node>
	<node><id>6</id><assertion>Let's try this again</assertion><defense>Uh huh</defense><username>Maria</username><convinced>1</convinced><unsure>0</unsure><disagree>0</disagree></node>
	
	<node>
	<id>9</id><assertion>Test</assertion><defense>Yet again... sigh.</defense><username>Peter</username><convinced>1</convinced><unsure>0</unsure><disagree>0</disagree></node><node><id>11</id><assertion>Blah</assertion><defense>Blah</defense><username>Bob</username><convinced>0</convinced><unsure>0</unsure><disagree>0</disagree></node><node><id>12</id><assertion>Yup yup</assertion><defense>Yay!</defense><username>Bob</username><convinced>1</convinced><unsure>0</unsure><disagree>0</disagree></node></assertionlist>

<nextID>13</nextID></assertions>