<?xml version="1.0" encoding="UTF-8" standalone="yes"?>
<SocialNetwork>
    <AssertionList>
        <Assertions>
            <user>Jon</user>
            <assertion>The earth is flat.</assertion>
            <proof>As we begin to make this argument, we acknowledge beforehand that we are aware of the property of matter known as friction. Yes, we realize that whenever two surfaces are held together by any force there will be a static frictional force that will resist any motion by either surface in any direction other than parallel to the force. The example we are using is an extreme situation, and would involve the object in question to travel a considerable distance (tens of degrees of latitude) from the &quot;top&quot; of the planet.&#xD;
&#xD;
Using the &quot;round Earth&quot; theory, setting an object on the earth would be like setting grains of sand on a beach ball. Certainly a few grains would stay - right around the top, the surface is nearly horizontal - but when you stray too far from the absolute top of the ball, the grains of sand start sliding off and falling onto the ground. The Earth, if round, should behave in exactly the same fashion. Because the top is a very localized region on a sphere, if the Earth were in fact round, there would be only a very small area of land that would be at all inhabitable. Stray to the outside fringes of the &quot;safe zone&quot;, and you start walking at a tilt. The further out you go, the more you slant, until your very survival is determined by the tread on your boots. Reach a certain point, and you slide off the face of the planet entirely. Obviously, something is wrong.&#xD;
&#xD;
In order to avoid the aforementioned scenario, (which obviously is inaccurate, as you very rarely hear of people falling off the face of the planet) we are forced to assume that, in the &quot;round Earth&quot; theory, there would be a gravitational field radiating from the center of the planet. All objects, be they rocks, insects, humans, or other planets would have, under Efimovich's theory, have a gravitational &quot;charge&quot; that would, under a certain alignment, cause them to be attracted to the center of the Earth. Unfortunately, like a magnet in a stronger magnetic field, it would undoubtedly require a long time to re-align an object's gravitational charge, were this the case.</proof>
            <convinced>2</convinced>
            <disagree>0</disagree>
            <unsure>0</unsure>
        </Assertions>
        <Assertions>
            <user>Bobert</user>
            <assertion>Wind is made by trees</assertion>
            <proof>When trees sway back and forth as one, they create wind. It makes more sense than saying that the wind causes the trees to sway back and forth.</proof>
            <convinced>2</convinced>
            <disagree>0</disagree>
            <unsure>0</unsure>
        </Assertions>
        <Assertions>
            <user>Johnny</user>
            <assertion>You can't just defy a justified therorem</assertion>
            <proof>You can't justify a just-defied theorem.</proof>
            <convinced>0</convinced>
            <disagree>0</disagree>
            <unsure>0</unsure>
        </Assertions>
        <Assertions>
            <user>weirdo</user>
            <assertion>Aliens will never contact Earth because they're all dead</assertion>
            <proof>The discovery of element 92 (Uranium) inevitably gives a civilization the power to destroy itself and its resources. As a civilization strives to become a &quot;Type 1 Civilization&quot;, it must inevitable discover element 92. With such power, it is only a matter of time before this power leads such a civilization into self-destruction. So, aliens haven't contacted us because they destroy themselves before they become technologically advanced enough to reach out to Earth. :O OMG http://www.wimp.com/humanrace/</proof>
            <convinced>0</convinced>
            <disagree>0</disagree>
            <unsure>0</unsure>
        </Assertions>
        <Assertions>
            <user>Jeffrey</user>
            <assertion>PHP sucks</assertion>
            <proof>&lt;a href=&quot;http://www.codinghorror.com/blog/2012/06/the-php-singularity.html&quot;&gt;http://www.codinghorror.com/blog/2012/06/the-php-singularity.html&lt;/a&gt;</proof>
            <convinced>0</convinced>
            <disagree>0</disagree>
            <unsure>0</unsure>
        </Assertions>
        <Assertions>
            <user>Georgy</user>
            <assertion>Legos are cool</assertion>
            <proof>&lt;a href=&quot;http://www.lego.com/default.aspx&quot;&gt;:)&lt;/a&gt;</proof>
            <convinced>0</convinced>
            <disagree>0</disagree>
            <unsure>0</unsure>
        </Assertions>
    </AssertionList>
    <UserList>
        <users>
            <username>Ross</username>
            <password>Test</password>
        </users>
        <users>
            <username>asdf</username>
            <password>fdsa</password>
        </users>
        <users>
            <username>Johnny</username>
            <password>0</password>
        </users>
        <users>
            <username>Bobert</username>
            <password>0</password>
        </users>
        <users>
            <username>Phreddy</username>
            <password>0</password>
        </users>
        <users>
            <username>weirdo</username>
            <password>0</password>
        </users>
        <users>
            <username>Jeffrey</username>
            <password>0</password>
        </users>
        <users>
            <username>Jon</username>
            <password>0</password>
        </users>
        <users>
            <username>Georgy</username>
            <password>0</password>
        </users>
    </UserList>
</SocialNetwork>
